Short SAS name,Long SAS name,Label,Type,Length,IP file sequence1,New variables
BENE_ID,BENE_ID,Encrypted CCW Beneficiary ID,CHAR,15.0,1.0,
CLM_ID,CLM_ID,Claim ID,CHAR,15.0,2.0,
RIC_CD,NCH_NEAR_LINE_REC_IDENT_CD,NCH Near Line Record Identification Code (RIC),CHAR,1.0,3.0,
CLM_TYPE,NCH_CLM_TYPE_CD,NCH Claim Type Code,CHAR,2.0,4.0,
FROM_DT,CLM_FROM_DT,Claim From Date,DATE,8.0,5.0,
THRU_DT,CLM_THRU_DT,Claim Through Date,DATE,8.0,6.0,
WKLY_DT,NCH_WKLY_PROC_DT,NCH Weekly Claim Processing Date,DATE,8.0,7.0,
FI_CLM_PROC_DT,FI_CLM_PROC_DT,FI Claim Process Date,DATE,8.0,8.0,
QUERY_CD,CLAIM_QUERY_CODE,Claim Query Code,CHAR,1.0,9.0,
PROVIDER,PRVDR_NUM,Provider Number,CHAR,6.0,10.0,
PRVDR_FULL_CCN_NUM,PRVDR_FULL_CCN_NUM,Full CMS Certification Number for Provider,CHAR,13.0,252.0,New5
FAC_TYPE,CLM_FAC_TYPE_CD,Claim Facility Type Code,CHAR,1.0,11.0,
OWNG_PRVDR_TIN_NUM,OWNG_PRVDR_TIN_NUM,Owning Provider Tax Identification Number (TIN),CHAR,10.0,247.0,New5
TYPESRVC,CLM_SRVC_CLSFCTN_TYPE_CD,Claim Service classification Type Code,CHAR,1.0,12.0,
FREQ_CD,CLM_FREQ_CD,Claim Frequency Code,CHAR,1.0,13.0,
FI_NUM,FI_NUM,FI or MAC Number,CHAR,5.0,14.0,
NOPAY_CD,CLM_MDCR_NON_PMT_RSN_CD,Claim Medicare Non Payment Reason Code,CHAR,2.0,15.0,
PMT_AMT,CLM_PMT_AMT,Claim (Medicare) Payment Amount,NUM,12.0,16.0,
PRPAYAMT,NCH_PRMRY_PYR_CLM_PD_AMT,NCH Primary Payer (if not Medicare) Claim Paid Amount,NUM,12.0,17.0,
PRPAY_CD,NCH_PRMRY_PYR_CD,NCH Primary Payer Code (if not Medicare),CHAR,1.0,18.0,
ACTIONCD,FI_CLM_ACTN_CD,FI or MAC Claim Action Code,CHAR,1.0,19.0,
PRSTATE,PRVDR_STATE_CD,NCH Provider SSA State Code,CHAR,2.0,20.0,
ORGNPINM,ORG_NPI_NUM,Organization NPI Number,CHAR,10.0,21.0,
AT_UPIN,AT_PHYSN_UPIN,Claim Attending Physician UPIN Number,CHAR,6.0,22.0,
AT_NPI,AT_PHYSN_NPI,Claim Attending Physician NPI Number,CHAR,10.0,23.0,
AT_PHYSN_SPCLTY_CD,AT_PHYSN_SPCLTY_CD,Claim Attending Physician Specialty Code,CHAR,2.0,24.0,
OP_UPIN,OP_PHYSN_UPIN,Claim Operating Physician UPIN Number,CHAR,6.0,25.0,
OP_NPI,OP_PHYSN_NPI,Claim Operating Physician NPI Number,CHAR,10.0,26.0,
OP_PHYSN_SPCLTY_CD,OP_PHYSN_SPCLTY_CD,Claim Operating Physician Specialty Code,CHAR,2.0,27.0,
OT_UPIN,OT_PHYSN_UPIN,Claim Other Physician UPIN Number,CHAR,6.0,28.0,
OT_NPI,OT_PHYSN_NPI,Claim Other Physician NPI Number,CHAR,10.0,29.0,
OT_PHYSN_SPCLTY_CD,OT_PHYSN_SPCLTY_CD,Claim Other Physician Specialty Code,CHAR,2.0,30.0,
RNDRNG_PHYSN_NPI,RNDRNG_PHYSN_NPI,Claim Rendering Physician NPI Number ,CHAR,12.0,31.0,
RNDRNG_PHYSN_SPCLTY_CD,RNDRNG_PHYSN_SPCLTY_CD,Claim Rendering Physician Specialty Code,CHAR,2.0,32.0,
MCOPDSW,CLM_MCO_PD_SW,Claim MCO Paid Switch,CHAR,1.0,33.0,
STUS_CD,PTNT_DSCHRG_STUS_CD,Patient Discharge Status Code,CHAR,2.0,34.0,
PPS_IND,CLM_PPS_IND_CD,Claim PPS Indicator Code,CHAR,1.0,35.0,
TOT_CHRG,CLM_TOT_CHRG_AMT,Claim Total Charge Amount,NUM,12.0,36.0,
ADMSN_DT,CLM_ADMSN_DT,Claim Admission Date,DATE,8.0,37.0,
TYPE_ADM,CLM_IP_ADMSN_TYPE_CD,Claim Inpatient Admission Type Code,CHAR,1.0,38.0,
SRC_ADMS,CLM_SRC_IP_ADMSN_CD,Claim Source Inpatient Admission Code,CHAR,1.0,39.0,
PTNTSTUS,NCH_PTNT_STATUS_IND_CD,NCH Patient  Status Indicator Code,CHAR,1.0,40.0,
PER_DIEM,CLM_PASS_THRU_PER_DIEM_AMT,Claim Pass Thru Per Diem Amount,NUM,12.0,41.0,
DED_AMT,NCH_BENE_IP_DDCTBL_AMT,NCH Beneficiary Inpatient (or other Part A) Deductible Amount,NUM,12.0,42.0,
COIN_AMT,NCH_BENE_PTA_COINSRNC_LBLTY_AM,NCH Beneficiary Part A Coinsurance Liability Amount,NUM,12.0,43.0,
BLDDEDAM,NCH_BENE_BLOOD_DDCTBL_LBLTY_AM,NCH Beneficiary Blood Deductible Liability Amount,NUM,12.0,44.0,
PCCHGAMT,NCH_PROFNL_CMPNT_CHRG_AMT,NCH Professional Component Charge Amount,NUM,12.0,45.0,
NCCHGAMT,NCH_IP_NCVRD_CHRG_AMT,NCH Inpatient (or other Part A) Noncovered Charge Amount,NUM,12.0,46.0,
TDEDAMT,NCH_IP_TOT_DDCTN_AMT,NCH Inpatient (or other Part A) Total Deductible/Coinsurance Amount,NUM,12.0,47.0,
PPS_CPTL,CLM_TOT_PPS_CPTL_AMT,Claim Total PPS Capital Amount,NUM,12.0,48.0,
CPTL_FSP,CLM_PPS_CPTL_FSP_AMT,Claim PPS Capital Federal Specific Portion (FSP) Amount,NUM,12.0,49.0,
CPTLOUTL,CLM_PPS_CPTL_OUTLIER_AMT,Claim PPS Capital Outlier Amount,NUM,12.0,50.0,
DISP_SHR,CLM_PPS_CPTL_DSPRPRTNT_SHR_AMT,Claim PPS Capital Disproportionate Share (DSH) Amount,NUM,12.0,51.0,
IME_AMT,CLM_PPS_CPTL_IME_AMT,Claim PPS Capital Indirect Medical Education (IME) Amount,NUM,12.0,52.0,
CPTL_EXP,CLM_PPS_CPTL_EXCPTN_AMT,Claim PPS Capital Exception Amount,NUM,12.0,53.0,
HLDHRMLS,CLM_PPS_OLD_CPTL_HLD_HRMLS_AMT,Claim PPS Old Capital Hold Harmless Amount,NUM,12.0,54.0,
DRGWTAMT,CLM_PPS_CPTL_DRG_WT_NUM,Claim PPS Capital DRG Weight Number,NUM,8.0,55.0,
UTIL_DAY,CLM_UTLZTN_DAY_CNT,Claim Medicare Utilization Day Count,NUM,3.0,56.0,
COIN_DAY,BENE_TOT_COINSRNC_DAYS_CNT,Beneficiary Total Coinsurance Days Count,NUM,3.0,57.0,
LRD_USE,BENE_LRD_USED_CNT,Beneficiary Medicare Lifetime Reserve Days (LRD) Used Count,NUM,3.0,58.0,
NUTILDAY,CLM_NON_UTLZTN_DAYS_CNT,Claim Medicare Non Utilization Days Count,NUM,5.0,59.0,
BLDFRNSH,NCH_BLOOD_PNTS_FRNSHD_QTY,NCH Blood Pints Furnished Quantity,NUM,3.0,60.0,
NCOVFROM,NCH_VRFD_NCVRD_STAY_FROM_DT,NCH Verified Noncovered Stay From Date,DATE,8.0,61.0,
NCOVTHRU,NCH_VRFD_NCVRD_STAY_THRU_DT,NCH Verified Noncovered Stay Through Date,DATE,8.0,62.0,
CARETHRU,NCH_ACTV_OR_CVRD_LVL_CARE_THRU,NCH Active or Covered Level Care Thru Date,DATE,8.0,63.0,
EXHST_DT,NCH_BENE_MDCR_BNFTS_EXHTD_DT_I,NCH Beneficiary Medicare Benefits Exhausted Date,DATE,8.0,64.0,
DSCHRGDT,NCH_BENE_DSCHRG_DT,NCH Beneficiary Discharge Date,DATE,8.0,65.0,
DRG_CD,CLM_DRG_CD,Claim Diagnosis Related Group Code (or MS-DRG Code),CHAR,4.0,66.0,
MS_DRG_GRPR_VRSN_CD,MS_DRG_GRPR_VRSN_CD,MS-DRG Grouper Version Code,CHAR,8.0,251.0,New5
CLM_IP_INITL_MS_DRG_CD,CLM_IP_INITL_MS_DRG_CD,Claim Inpatient Initial MS DRG Code,CHAR,4.0,244.0,New2
OUTLR_CD,CLM_DRG_OUTLIER_STAY_CD,Claim Diagnosis Related Group Outlier Stay Code,CHAR,1.0,67.0,
OUTLRPMT,NCH_DRG_OUTLIER_APRVD_PMT_AMT,NCH DRG Outlier Approved Payment Amount,NUM,12.0,68.0,
ADMTG_DGNS_CD,ADMTG_DGNS_CD,Claim Admitting Diagnosis Code,CHAR,7.0,69.0,
PRNCPAL_DGNS_CD,PRNCPAL_DGNS_CD,Claim Principal Diagnosis Code,CHAR,7.0,70.0,
ICD_DGNS_CD1,ICD_DGNS_CD1,Claim Diagnosis Code I,CHAR,7.0,71.0,
CLM_POA_IND_SW1,CLM_POA_IND_SW1,Claim Diagnosis Code I Diagnosis Present on Admission (POA) Indicator Code,CHAR,1.0,72.0,
ICD_DGNS_CD2,ICD_DGNS_CD2,Claim Diagnosis Code II,CHAR,7.0,73.0,
CLM_POA_IND_SW2,CLM_POA_IND_SW2,Claim Diagnosis Code II Diagnosis Present on Admission (POA) Indicator Code,CHAR,1.0,74.0,
ICD_DGNS_CD3,ICD_DGNS_CD3,Claim Diagnosis Code III,CHAR,7.0,75.0,
CLM_POA_IND_SW3,CLM_POA_IND_SW3,Claim Diagnosis Code III Diagnosis Present on Admission (POA) Indicator Code,CHAR,1.0,76.0,
ICD_DGNS_CD4,ICD_DGNS_CD4,Claim Diagnosis Code IV,CHAR,7.0,77.0,
CLM_POA_IND_SW4,CLM_POA_IND_SW4,Claim Diagnosis Code IV Diagnosis Present on Admission (POA) Indicator Code,CHAR,1.0,78.0,
ICD_DGNS_CD5,ICD_DGNS_CD5,Claim Diagnosis Code V,CHAR,7.0,79.0,
CLM_POA_IND_SW5,CLM_POA_IND_SW5,Claim Diagnosis Code V Diagnosis Present on Admission (POA) Indicator Code,CHAR,1.0,80.0,
ICD_DGNS_CD6,ICD_DGNS_CD6,Claim Diagnosis Code VI,CHAR,7.0,81.0,
CLM_POA_IND_SW6,CLM_POA_IND_SW6,Claim Diagnosis Code VI Diagnosis Present on Admission Indicator Code,CHAR,1.0,82.0,
ICD_DGNS_CD7,ICD_DGNS_CD7,Claim Diagnosis Code VII,CHAR,7.0,83.0,
CLM_POA_IND_SW7,CLM_POA_IND_SW7,Claim Diagnosis Code VII Diagnosis Present on Admission Indicator Code,CHAR,1.0,84.0,
ICD_DGNS_CD8,ICD_DGNS_CD8,Claim Diagnosis Code VIII,CHAR,7.0,85.0,
CLM_POA_IND_SW8,CLM_POA_IND_SW8,Claim Diagnosis Code VIII Diagnosis Present on Admission Indicator Code,CHAR,1.0,86.0,
ICD_DGNS_CD9,ICD_DGNS_CD9,Claim Diagnosis Code IX,CHAR,7.0,87.0,
CLM_POA_IND_SW9,CLM_POA_IND_SW9,Claim Diagnosis Code IX Diagnosis Present on Admission Indicator Code,CHAR,1.0,88.0,
ICD_DGNS_CD10,ICD_DGNS_CD10,Claim Diagnosis Code X,CHAR,7.0,89.0,
CLM_POA_IND_SW10,CLM_POA_IND_SW10,Claim Diagnosis Code X Diagnosis Present on Admission Indicator Code,CHAR,1.0,90.0,
ICD_DGNS_CD11,ICD_DGNS_CD11,Claim Diagnosis Code XI,CHAR,7.0,91.0,
CLM_POA_IND_SW11,CLM_POA_IND_SW11,Claim Diagnosis Code XI Diagnosis Present on Admission Indicator Code,CHAR,1.0,92.0,
ICD_DGNS_CD12,ICD_DGNS_CD12,Claim Diagnosis Code XII,CHAR,7.0,93.0,
CLM_POA_IND_SW12,CLM_POA_IND_SW12,Claim Diagnosis Code XII Diagnosis Present on Admission Indicator Code,CHAR,1.0,94.0,
ICD_DGNS_CD13,ICD_DGNS_CD13,Claim Diagnosis Code XIII,CHAR,7.0,95.0,
CLM_POA_IND_SW13,CLM_POA_IND_SW13,Claim Diagnosis Code XIII Diagnosis Present on Admission Indicator Code,CHAR,1.0,96.0,
ICD_DGNS_CD14,ICD_DGNS_CD14,Claim Diagnosis Code XIV,CHAR,7.0,97.0,
CLM_POA_IND_SW14,CLM_POA_IND_SW14,Claim Diagnosis Code XIV Diagnosis Present on Admission Indicator Code,CHAR,1.0,98.0,
ICD_DGNS_CD15,ICD_DGNS_CD15,Claim Diagnosis Code XV,CHAR,7.0,99.0,
CLM_POA_IND_SW15,CLM_POA_IND_SW15,Claim Diagnosis Code XV Diagnosis Present on Admission Indicator Code,CHAR,1.0,100.0,
ICD_DGNS_CD16,ICD_DGNS_CD16,Claim Diagnosis Code XVI,CHAR,7.0,101.0,
CLM_POA_IND_SW16,CLM_POA_IND_SW16,Claim Diagnosis Code XVI Diagnosis Present on Admission Indicator Code,CHAR,1.0,102.0,
ICD_DGNS_CD17,ICD_DGNS_CD17,Claim Diagnosis Code XVII,CHAR,7.0,103.0,
CLM_POA_IND_SW17,CLM_POA_IND_SW17,Claim Diagnosis Code XVII Diagnosis Present on Admission Indicator Code,CHAR,1.0,104.0,
ICD_DGNS_CD18,ICD_DGNS_CD18,Claim Diagnosis Code XVIII,CHAR,7.0,105.0,
CLM_POA_IND_SW18,CLM_POA_IND_SW18,Claim Diagnosis Code XVIII Diagnosis Present on Admission Indicator Code,CHAR,1.0,106.0,
ICD_DGNS_CD19,ICD_DGNS_CD19,Claim Diagnosis Code XIX,CHAR,7.0,107.0,
CLM_POA_IND_SW19,CLM_POA_IND_SW19,Claim Diagnosis Code XIX Diagnosis Present on Admission Indicator Code,CHAR,1.0,108.0,
ICD_DGNS_CD20,ICD_DGNS_CD20,Claim Diagnosis Code XX,CHAR,7.0,109.0,
CLM_POA_IND_SW20,CLM_POA_IND_SW20,Claim Diagnosis Code XX Diagnosis Present on Admission Indicator Code,CHAR,1.0,110.0,
ICD_DGNS_CD21,ICD_DGNS_CD21,Claim Diagnosis Code XXI,CHAR,7.0,111.0,
CLM_POA_IND_SW21,CLM_POA_IND_SW21,Claim Diagnosis Code XXI Diagnosis Present on Admission Indicator Code,CHAR,1.0,112.0,
ICD_DGNS_CD22,ICD_DGNS_CD22,Claim Diagnosis Code XXII,CHAR,7.0,113.0,
CLM_POA_IND_SW22,CLM_POA_IND_SW22,Claim Diagnosis Code XXII Diagnosis Present on Admission Indicator Code,CHAR,1.0,114.0,
ICD_DGNS_CD23,ICD_DGNS_CD23,Claim Diagnosis Code XXIII,CHAR,7.0,115.0,
CLM_POA_IND_SW23,CLM_POA_IND_SW23,Claim Diagnosis Code XXIII Diagnosis Present on Admission Indicator Code,CHAR,1.0,116.0,
ICD_DGNS_CD24,ICD_DGNS_CD24,Claim Diagnosis Code XXIV,CHAR,7.0,117.0,
CLM_POA_IND_SW24,CLM_POA_IND_SW24,Claim Diagnosis Code XXIV Diagnosis Present on Admission Indicator Code,CHAR,1.0,118.0,
ICD_DGNS_CD25,ICD_DGNS_CD25,Claim Diagnosis Code XXV,CHAR,7.0,119.0,
CLM_POA_IND_SW25,CLM_POA_IND_SW25,Claim Diagnosis Code XXV Diagnosis Present on Admission Indicator Code,CHAR,1.0,120.0,
FST_DGNS_E_CD,FST_DGNS_E_CD,First Claim Diagnosis E Code,CHAR,7.0,121.0,
ICD_DGNS_E_CD1,ICD_DGNS_E_CD1,Claim Diagnosis E Code I,CHAR,7.0,122.0,
CLM_E_POA_IND_SW1,CLM_E_POA_IND_SW1,Claim Diagnosis E Code I Diagnosis Present on Admission Indicator Code,CHAR,1.0,123.0,
ICD_DGNS_E_CD2,ICD_DGNS_E_CD2,Claim Diagnosis E Code II,CHAR,7.0,124.0,
CLM_E_POA_IND_SW2,CLM_E_POA_IND_SW2,Claim Diagnosis E Code II Diagnosis Present on Admission Indicator Code,CHAR,1.0,125.0,
ICD_DGNS_E_CD3,ICD_DGNS_E_CD3,Claim Diagnosis E Code III,CHAR,7.0,126.0,
CLM_E_POA_IND_SW3,CLM_E_POA_IND_SW3,Claim Diagnosis E Code III Diagnosis Present on Admission Indicator Code,CHAR,1.0,127.0,
ICD_DGNS_E_CD4,ICD_DGNS_E_CD4,Claim Diagnosis E Code IV,CHAR,7.0,128.0,
CLM_E_POA_IND_SW4,CLM_E_POA_IND_SW4,Claim Diagnosis E Code IV Diagnosis Present on Admission Indicator Code,CHAR,1.0,129.0,
ICD_DGNS_E_CD5,ICD_DGNS_E_CD5,Claim Diagnosis E Code V,CHAR,7.0,130.0,
CLM_E_POA_IND_SW5,CLM_E_POA_IND_SW5,Claim Diagnosis E Code V Diagnosis Present on Admission Indicator Code,CHAR,1.0,131.0,
ICD_DGNS_E_CD6,ICD_DGNS_E_CD6,Claim Diagnosis E Code VI,CHAR,7.0,132.0,
CLM_E_POA_IND_SW6,CLM_E_POA_IND_SW6,Claim Diagnosis E Code VI Diagnosis Present on Admission Indicator Code,CHAR,1.0,133.0,
ICD_DGNS_E_CD7,ICD_DGNS_E_CD7,Claim Diagnosis E Code VII,CHAR,7.0,134.0,
CLM_E_POA_IND_SW7,CLM_E_POA_IND_SW7,Claim Diagnosis E Code VII Diagnosis Present on Admission Indicator Code,CHAR,1.0,135.0,
ICD_DGNS_E_CD8,ICD_DGNS_E_CD8,Claim Diagnosis E Code VIII,CHAR,7.0,136.0,
CLM_E_POA_IND_SW8,CLM_E_POA_IND_SW8,Claim Diagnosis E Code VIII Diagnosis Present on Admission Indicator Code,CHAR,1.0,137.0,
ICD_DGNS_E_CD9,ICD_DGNS_E_CD9,Claim Diagnosis E Code IX,CHAR,7.0,138.0,
CLM_E_POA_IND_SW9,CLM_E_POA_IND_SW9,Claim Diagnosis E Code IX Diagnosis Present on Admission Indicator Code,CHAR,1.0,139.0,
ICD_DGNS_E_CD10,ICD_DGNS_E_CD10,Claim Diagnosis E Code X,CHAR,7.0,140.0,
CLM_E_POA_IND_SW10,CLM_E_POA_IND_SW10,Claim Diagnosis E Code X Diagnosis Present on Admission Indicator Code,CHAR,1.0,141.0,
ICD_DGNS_E_CD11,ICD_DGNS_E_CD11,Claim Diagnosis E Code XI,CHAR,7.0,142.0,
CLM_E_POA_IND_SW11,CLM_E_POA_IND_SW11,Claim Diagnosis E Code XI Diagnosis Present on Admission Indicator Code,CHAR,1.0,143.0,
ICD_DGNS_E_CD12,ICD_DGNS_E_CD12,Claim Diagnosis E Code XII,CHAR,7.0,144.0,
CLM_E_POA_IND_SW12,CLM_E_POA_IND_SW12,Claim Diagnosis E Code XII Diagnosis Present on Admission Indicator Code,CHAR,1.0,145.0,
ICD_PRCDR_CD1,ICD_PRCDR_CD1,Claim Procedure Code I,CHAR,7.0,146.0,
PRCDR_DT1,PRCDR_DT1,Claim Procedure Code I Date,DATE,8.0,147.0,
ICD_PRCDR_CD2,ICD_PRCDR_CD2,Claim Procedure Code II,CHAR,7.0,148.0,
PRCDR_DT2,PRCDR_DT2,Claim Procedure Code II Date,DATE,8.0,149.0,
ICD_PRCDR_CD3,ICD_PRCDR_CD3,Claim Procedure Code III,CHAR,7.0,150.0,
PRCDR_DT3,PRCDR_DT3,Claim Procedure Code III Date,DATE,8.0,151.0,
ICD_PRCDR_CD4,ICD_PRCDR_CD4,Claim Procedure Code IV,CHAR,7.0,152.0,
PRCDR_DT4,PRCDR_DT4,Claim Procedure Code IV Date,DATE,8.0,153.0,
ICD_PRCDR_CD5,ICD_PRCDR_CD5,Claim Procedure Code V,CHAR,7.0,154.0,
PRCDR_DT5,PRCDR_DT5,Claim Procedure Code V Date,DATE,8.0,155.0,
ICD_PRCDR_CD6,ICD_PRCDR_CD6,Claim Procedure Code VI,CHAR,7.0,156.0,
PRCDR_DT6,PRCDR_DT6,Claim Procedure Code VI Date,DATE,8.0,157.0,
ICD_PRCDR_CD7,ICD_PRCDR_CD7,Claim Procedure Code VII,CHAR,7.0,158.0,
PRCDR_DT7,PRCDR_DT7,Claim Procedure CodeVII Date,DATE,8.0,159.0,
ICD_PRCDR_CD8,ICD_PRCDR_CD8,Claim Procedure Code VIII,CHAR,7.0,160.0,
PRCDR_DT8,PRCDR_DT8,Claim Procedure Code VIII Date,DATE,8.0,161.0,
ICD_PRCDR_CD9,ICD_PRCDR_CD9,Claim Procedure Code IX,CHAR,7.0,162.0,
PRCDR_DT9,PRCDR_DT9,Claim Procedure Code IX Date,DATE,8.0,163.0,
ICD_PRCDR_CD10,ICD_PRCDR_CD10,Claim Procedure Code X,CHAR,7.0,164.0,
PRCDR_DT10,PRCDR_DT10,Claim Procedure Code X Date,DATE,8.0,165.0,
ICD_PRCDR_CD11,ICD_PRCDR_CD11,Claim Procedure Code XI,CHAR,7.0,166.0,
PRCDR_DT11,PRCDR_DT11,Claim Procedure Code XI Date,DATE,8.0,167.0,
ICD_PRCDR_CD12,ICD_PRCDR_CD12,Claim Procedure Code XII,CHAR,7.0,168.0,
PRCDR_DT12,PRCDR_DT12,Claim Procedure Code XII Date,DATE,8.0,169.0,
ICD_PRCDR_CD13,ICD_PRCDR_CD13,Claim Procedure Code XIII,CHAR,7.0,170.0,
PRCDR_DT13,PRCDR_DT13,Claim Procedure Code XIII Date,DATE,8.0,171.0,
ICD_PRCDR_CD14,ICD_PRCDR_CD14,Claim Procedure Code XIV,CHAR,7.0,172.0,
PRCDR_DT14,PRCDR_DT14,Claim Procedure Code XIV Date,DATE,8.0,173.0,
ICD_PRCDR_CD15,ICD_PRCDR_CD15,Claim Procedure Code XV,CHAR,7.0,174.0,
PRCDR_DT15,PRCDR_DT15,Claim Procedure Code XV Date,DATE,8.0,175.0,
ICD_PRCDR_CD16,ICD_PRCDR_CD16,Claim Procedure Code XVI,CHAR,7.0,176.0,
PRCDR_DT16,PRCDR_DT16,Claim Procedure Code XVI Date,DATE,8.0,177.0,
ICD_PRCDR_CD17,ICD_PRCDR_CD17,Claim Procedure Code XVII,CHAR,7.0,178.0,
PRCDR_DT17,PRCDR_DT17,Claim Procedure Code XVII Date,DATE,8.0,179.0,
ICD_PRCDR_CD18,ICD_PRCDR_CD18,Claim Procedure Code XVIII,CHAR,7.0,180.0,
PRCDR_DT18,PRCDR_DT18,Claim Procedure Code XVIII Date,DATE,8.0,181.0,
ICD_PRCDR_CD19,ICD_PRCDR_CD19,Claim Procedure Code XIX,CHAR,7.0,182.0,
PRCDR_DT19,PRCDR_DT19,Claim Procedure Code XIX Date,DATE,8.0,183.0,
ICD_PRCDR_CD20,ICD_PRCDR_CD20,Claim Procedure Code XX,CHAR,7.0,184.0,
PRCDR_DT20,PRCDR_DT20,Claim Procedure Code XX Date,DATE,8.0,185.0,
ICD_PRCDR_CD21,ICD_PRCDR_CD21,Claim Procedure Code XXI,CHAR,7.0,186.0,
PRCDR_DT21,PRCDR_DT21,Claim Procedure Code XXI Date,DATE,8.0,187.0,
ICD_PRCDR_CD22,ICD_PRCDR_CD22,Claim Procedure Code XXII,CHAR,7.0,188.0,
PRCDR_DT22,PRCDR_DT22,Claim Procedure Code XXII Date,DATE,8.0,189.0,
ICD_PRCDR_CD23,ICD_PRCDR_CD23,Claim Procedure Code XXIII,CHAR,7.0,190.0,
PRCDR_DT23,PRCDR_DT23,Claim Procedure Code XXIII Date,DATE,8.0,191.0,
ICD_PRCDR_CD24,ICD_PRCDR_CD24,Claim Procedure Code XXIV,CHAR,7.0,192.0,
PRCDR_DT24,PRCDR_DT24,Claim Procedure Code XXIV Date,DATE,8.0,193.0,
ICD_PRCDR_CD25,ICD_PRCDR_CD25,Claim Procedure Code XXV,CHAR,7.0,194.0,
PRCDR_DT25,PRCDR_DT25,Claim Procedure Code XXV Date,DATE,8.0,195.0,
IME_OP,IME_OP_CLM_VAL_AMT,Operating Indirect Medical Education (IME) Amount,NUM,12.0,196.0,
DSH_OP,DSH_OP_CLM_VAL_AMT,Operating Disproportionate Share Amount,NUM,12.0,197.0,
DOB_DT,DOB_DT,Date of Birth from Claim ,DATE,8.0,198.0,
GNDR_CD,GNDR_CD,Gender Code from Claim,CHAR,1.0,199.0,
RACE_CD,BENE_RACE_CD,Race Code from Claim,CHAR,1.0,200.0,
CNTY_CD,BENE_CNTY_CD,County Code from Claim (SSA),CHAR,3.0,201.0,
STATE_CD,BENE_STATE_CD,Beneficiary Residence (SSA) State Code,CHAR,2.0,202.0,
ZIP_CD,BENE_MLG_CNTCT_ZIP_CD,ZIP Code of Residence from Claim,CHAR,9.0,203.0,
CLM_MDCL_REC,CLM_MDCL_REC,Claim Medical Record Number,CHAR,17.0,204.0,
CLM_TRTMT_AUTHRZTN_NUM,CLM_TRTMT_AUTHRZTN_NUM,Claim Treatment Authorization Number,CHAR,18.0,205.0,
CLM_PRCR_RTRN_CD,CLM_PRCR_RTRN_CD,Claim Pricer Return Code,CHAR,2.0,206.0,
CLM_PRCR_VRSN_CD,CLM_PRCR_VRSN_CD,Claim Pricer Version Code,CHAR,10.0,250.0,New5
CLM_SRVC_FAC_ZIP_CD,CLM_SRVC_FAC_ZIP_CD,Claim service facility ZIP code (where service was provided),CHAR,9.0,207.0,
CLM_IP_LOW_VOL_PMT_AMT,CLM_IP_LOW_VOL_PMT_AMT,Claim Inpatient Low Volume Payment Amount ,NUM,12.0,208.0,
CLM_CARE_IMPRVMT_MODEL_CD1,CLM_CARE_IMPRVMT_MODEL_CD1,Claim Care Improvement Model 1 Code (budled payment),CHAR,2.0,209.0,
CLM_CARE_IMPRVMT_MODEL_CD2,CLM_CARE_IMPRVMT_MODEL_CD2,Claim Care Improvement Model 2 Code,CHAR,2.0,210.0,
CLM_CARE_IMPRVMT_MODEL_CD3,CLM_CARE_IMPRVMT_MODEL_CD3,Claim Care Improvement Model 3 Code,CHAR,2.0,211.0,
CLM_CARE_IMPRVMT_MODEL_CD4,CLM_CARE_IMPRVMT_MODEL_CD4,Claim Care Improvement Model 4 Code,CHAR,2.0,212.0,
CLM_BNDLD_MODEL_1_DSCNT_PCT,CLM_BNDLD_MODEL_1_DSCNT_PCT,Claim Bundled Model 1 Discount Percent,NUM,8.0,213.0,
CLM_BASE_OPRTG_DRG_AMT,CLM_BASE_OPRTG_DRG_AMT,Claim Base Operating DRG Amount ,NUM,12.0,214.0,
CLM_VBP_PRTCPNT_IND_CD,CLM_VBP_PRTCPNT_IND_CD,Claim Value-Based Purchasing (VBP) Participant Indicator Code,CHAR,1.0,215.0,
CLM_VBP_ADJSTMT_PCT,CLM_VBP_ADJSTMT_PCT,Claim VBP Adjustment Percent,NUM,15.0,216.0,
CLM_HRR_PRTCPNT_IND_CD,CLM_HRR_PRTCPNT_IND_CD,Claim Hospital Readmission Rdctn (HRR) Participant Indicator Code,CHAR,1.0,217.0,
CLM_HRR_ADJSTMT_PCT,CLM_HRR_ADJSTMT_PCT,Claim HRR Adjustment Percent,NUM,8.0,218.0,
CLM_MODEL_4_READMSN_IND_CD,CLM_MODEL_4_READMSN_IND_CD,Claim Model 4 Readmission Indicator Code,CHAR,1.0,219.0,
CLM_UNCOMPD_CARE_PMT_AMT,CLM_UNCOMPD_CARE_PMT_AMT,Claim Uncompensated Care Payment Amount,NUM,12.0,220.0,
CLM_BNDLD_ADJSTMT_PMT_AMT,CLM_BNDLD_ADJSTMT_PMT_AMT,Claim Bundled Adjustment Payment Amount,NUM,12.0,221.0,
CLM_VBP_ADJSTMT_PMT_AMT,CLM_VBP_ADJSTMT_PMT_AMT,Claim Value Based Purchasing Adjustment Payment Amount,NUM,12.0,222.0,
CLM_HRR_ADJSTMT_PMT_AMT,CLM_HRR_ADJSTMT_PMT_AMT,Claim Hospital Readmission Reduction (HRR) Adjustment Payment Amount,NUM,12.0,223.0,
EHR_PYMT_ADJSTMT_AMT,EHR_PYMT_ADJSTMT_AMT,Claim Electronic Health Record (EHR) Payment Adjustment Amount,NUM,12.0,224.0,
PPS_STD_VAL_PYMT_AMT,PPS_STD_VAL_PYMT_AMT,Standard Payment Amount,NUM,12.0,225.0,
FINL_STD_AMT,FINL_STD_AMT,Claim Final Standard Payment Amount,NUM,12.0,226.0,
CLM_FULL_STD_PYMT_AMT,CLM_FULL_STD_PYMT_AMT,Claim Full Standard Payment Amount,NUM,12.0,231.0,
CLM_SS_OUTLIER_STD_PYMT_AMT,CLM_SS_OUTLIER_STD_PYMT_AMT,Claim Short Stay Outlier (SSO) Standard Payment Amount,NUM,12.0,232.0,
HAC_PGM_RDCTN_IND_SW,HAC_PGM_RDCTN_IND_SW,Claim Hospital Acquired Condition (HAC) Program Reduction Indicator Switch,CHAR,1.0,227.0,
EHR_PGM_RDCTN_IND_SW,EHR_PGM_RDCTN_IND_SW,Claim Electronic Health Records (EHR) Program Reduction Indicator Switch,CHAR,1.0,228.0,
CLM_SITE_NTRL_PYMT_CST_AMT,CLM_SITE_NTRL_PYMT_CST_AMT,Claim Site Neutral Payment Based on Cost Amount,NUM,12.0,229.0,
CLM_SITE_NTRL_PYMT_IPPS_AMT,CLM_SITE_NTRL_PYMT_IPPS_AMT,Claim Site Neutral Payment Based on inpatient prospective payment system (IPPS) Amounts,NUM,12.0,230.0,
CLM_NEXT_GNRTN_ACO_IND_CD1,CLM_NEXT_GNRTN_ACO_IND_CD1,Claim Next Generation (NG) Accountable Care Organization (ACO) Indicator Code - Population based payments (PBP),CHAR,1.0,233.0,
CLM_NEXT_GNRTN_ACO_IND_CD2,CLM_NEXT_GNRTN_ACO_IND_CD2,Claim Next Generation (NG) Accountable Care Organization (ACO) Indicator Code - Telehealth,CHAR,1.0,234.0,
CLM_NEXT_GNRTN_ACO_IND_CD3,CLM_NEXT_GNRTN_ACO_IND_CD3,Claim Next Generation (NG) Accountable Care Organization (ACO) Indicator Code - Post Discharge HH visits,CHAR,1.0,235.0,
CLM_NEXT_GNRTN_ACO_IND_CD4,CLM_NEXT_GNRTN_ACO_IND_CD4,Claim Next Generation (NG) Accountable Care Organization (ACO) Indicator Code - 3 day SNF waiver,CHAR,1.0,236.0,
CLM_NEXT_GNRTN_ACO_IND_CD5,CLM_NEXT_GNRTN_ACO_IND_CD5,Claim Next Generation (NG) Accountable Care Organization (ACO) Indicator Code - Capitation,CHAR,1.0,237.0,
ACO_ID_NUM,ACO_ID_NUM,Claim Accountable Care Organization (ACO) Identification Number,CHAR,10.0,238.0,
CLM_BENE_ID_TYPE_CD,CLM_BENE_ID_TYPE_CD,Claim Beneficiary Identifier Type Code (For CMS Internal Use),CHAR,1.0,239.0,
CLM_RSDL_PYMT_IND_CD,CLM_RSDL_PYMT_IND_CD,Claim Residual Payment Indicator Code,CHAR,1.0,240.0,New2
CLM_RP_IND_CD,CLM_RP_IND_CD,Claim Representative Payee (RP) Indicator Code,CHAR,1.0,241.0,New2
PRVDR_VLDTN_TYPE_CD,PRVDR_VLDTN_TYPE_CD,Provider Validation Type Code,CHAR,2.0,242.0,New2
RR_BRD_EXCLSN_IND_SW,RR_BRD_EXCLSN_IND_SW,Railroad Board Exclusion Indicator Switch,CHAR,1.0,243.0,New2
CLM_MODEL_REIMBRSMT_AMT,CLM_MODEL_REIMBRSMT_AMT,Claim Model Reimbursement Amount,NUM,12.0,245.0,New3
LTCH_DSCHRG_PYMT_ADJSTMT_AMT,LTCH_DSCHRG_PYMT_ADJSTMT_AMT,LTCH Discharge Payment Adjustment Amount,NUM,12.0,246.0,New4
CLM_ADJUST_GRP_CD,CLM_ADJUST_GRP_CD,Claim Adjustment Group Code,CHAR,2.0,248.0,New5
CLM_ADJUST_RSN_CD,CLM_ADJUST_RSN_CD,Claim Adjustment Reason Code,CHAR,5.0,249.0,New5
